{"offline_id": "0abc657c9a454117bb14a921695f6ed4", "project_name": "yolov5", "start_time": 1697506375600, "stop_time": 1697506382757, "tags": [], "workspace": null, "resume_strategy": "create", "customer_error_reported": true, "customer_error_message": "Unexpected error detected in the user script: AssertionError('\\x1b[34m\\x1b[1mtrain: \\x1b[0mNo labels found in /Users/xieyuhan/Downloads/yolov5/datasets/crack/train/train.cache, can not start training. See https://docs.ultralytics.com/yolov5/tutorials/train_custom_data')"}